{"file:///c%3A/Users/rafak/Desktop/e-josmar/Assets/Scripts/VerifyTime.cs":{"language":"C#","code":140,"comment":0,"blank":12},"file:///c%3A/Users/rafak/Desktop/e-josmar/Assets/Scripts/VerifyRequestDateButton.cs":{"language":"C#","code":55,"comment":0,"blank":8},"file:///c%3A/Users/rafak/Desktop/e-josmar/Assets/Scripts/Utilities.cs":{"language":"C#","code":172,"comment":0,"blank":17},"file:///c%3A/Users/rafak/Desktop/e-josmar/Assets/Scripts/User.cs":{"language":"C#","code":20,"comment":0,"blank":5},"file:///c%3A/Users/rafak/Desktop/e-josmar/Assets/Scripts/UpdateKeyStatusButton.cs":{"language":"C#","code":157,"comment":0,"blank":21},"file:///c%3A/Users/rafak/Desktop/e-josmar/Assets/Scripts/SwitchTimeInputButton.cs":{"language":"C#","code":29,"comment":0,"blank":3},"file:///c%3A/Users/rafak/Desktop/e-josmar/Assets/Scripts/SwitchSceneButton.cs":{"language":"C#","code":13,"comment":0,"blank":3},"file:///c%3A/Users/rafak/Desktop/e-josmar/Assets/Scripts/SwitchPanelButton.cs":{"language":"C#","code":26,"comment":0,"blank":5},"file:///c%3A/Users/rafak/Desktop/e-josmar/Assets/Scripts/ShowHidePasswordButton.cs":{"language":"C#","code":24,"comment":0,"blank":3},"file:///c%3A/Users/rafak/Desktop/e-josmar/Assets/Scripts/SaveSystem.cs":{"language":"C#","code":28,"comment":0,"blank":3},"file:///c%3A/Users/rafak/Desktop/e-josmar/Assets/Scripts/README.md":{"language":"Markdown","code":2,"comment":0,"blank":1},"file:///c%3A/Users/rafak/Desktop/e-josmar/Assets/Scripts/OpenUpdatePanelDropdown.cs":{"language":"C#","code":57,"comment":0,"blank":8},"file:///c%3A/Users/rafak/Desktop/e-josmar/Assets/Scripts/OpenRequestPanelButton.cs":{"language":"C#","code":30,"comment":0,"blank":6},"file:///c%3A/Users/rafak/Desktop/e-josmar/Assets/Scripts/OpenAllRequestsButton.cs":{"language":"C#","code":17,"comment":0,"blank":3},"file:///c%3A/Users/rafak/Desktop/e-josmar/Assets/Scripts/OnRequestPanelActive.cs":{"language":"C#","code":53,"comment":0,"blank":10},"file:///c%3A/Users/rafak/Desktop/e-josmar/Assets/Scripts/LoadKeys.cs":{"language":"C#","code":60,"comment":0,"blank":8},"file:///c%3A/Users/rafak/Desktop/e-josmar/Assets/Scripts/Key.cs":{"language":"C#","code":16,"comment":0,"blank":1},"file:///c%3A/Users/rafak/Desktop/e-josmar/Assets/Scripts/EditUserButton.cs":{"language":"C#","code":72,"comment":0,"blank":8},"file:///c%3A/Users/rafak/Desktop/e-josmar/Assets/Scripts/ExitButton.cs":{"language":"C#","code":13,"comment":0,"blank":2},"file:///c%3A/Users/rafak/Desktop/e-josmar/Assets/Scripts/fodasebtn.cs":{"language":"C#","code":11,"comment":0,"blank":1},"file:///c%3A/Users/rafak/Desktop/e-josmar/Assets/Scripts/ContentJson.cs":{"language":"C#","code":53,"comment":0,"blank":9},"file:///c%3A/Users/rafak/Desktop/e-josmar/Assets/Scripts/ConfirmRequestButton.cs":{"language":"C#","code":76,"comment":0,"blank":10},"file:///c%3A/Users/rafak/Desktop/e-josmar/Assets/Scripts/ClosePanelButton.cs":{"language":"C#","code":21,"comment":0,"blank":3},"file:///c%3A/Users/rafak/Desktop/e-josmar/Assets/Scripts/CheckKeys.cs":{"language":"C#","code":101,"comment":0,"blank":14},"file:///c%3A/Users/rafak/Desktop/e-josmar/Assets/Scripts/CancelRequestButton.cs":{"language":"C#","code":12,"comment":0,"blank":3},"file:///c%3A/Users/rafak/Desktop/e-josmar/Assets/Scripts/AuthButton.cs":{"language":"C#","code":82,"comment":0,"blank":10},"file:///c%3A/Users/rafak/Desktop/e-josmar/Assets/Scripts/AllRequestsDropdown.cs":{"language":"C#","code":55,"comment":0,"blank":10}}